model,accuracy,f1_score,roc_auc,cv_score
DummyClassifier,0.95088,0.0,,
LogisticRegression,0.7792,0.2572658772874058,0.8418608704517014,
DecisionTree,0.88352,0.3767123287671233,0.8438679945913978,0.8246978749261231
RandomForest,0.968,0.5169082125603864,0.9022247726912729,0.8923565032135111
GradientBoosting,0.97744,0.7104722792607803,0.8997408058422549,0.892231557483998
