model,accuracy,f1_score,roc_auc
DummyClassifier,0.95088,0.0,
LogisticRegression,0.7792,0.2572658772874058,0.8418608704517014
DecisionTree,0.96704,0.5846774193548387,0.8049653028417085
RandomForest,0.96704,0.4950980392156863,0.8988506994515212
GradientBoosting,0.97472,0.6889763779527559,0.892111322493109
