{
  "rows_total": 278,
  "rows_train": 208,
  "rows_test": 70,
  "accuracy": 0.9857142857142858,
  "f1_macro": 0.986086956521739,
  "f1_weighted": 0.9856894409937887,
  "classes": [
    "account_access",
    "delivery_issue",
    "general_question",
    "payment_issue",
    "refund_request",
    "technical_bug"
  ],
  "classification_report": {
    "account_access": {
      "precision": 1.0,
      "recall": 1.0,
      "f1-score": 1.0,
      "support": 11.0
    },
    "delivery_issue": {
      "precision": 0.9230769230769231,
      "recall": 1.0,
      "f1-score": 0.96,
      "support": 12.0
    },
    "general_question": {
      "precision": 1.0,
      "recall": 0.9166666666666666,
      "f1-score": 0.9565217391304348,
      "support": 12.0
    },
    "payment_issue": {
      "precision": 1.0,
      "recall": 1.0,
      "f1-score": 1.0,
      "support": 12.0
    },
    "refund_request": {
      "precision": 1.0,
      "recall": 1.0,
      "f1-score": 1.0,
      "support": 12.0
    },
    "technical_bug": {
      "precision": 1.0,
      "recall": 1.0,
      "f1-score": 1.0,
      "support": 11.0
    },
    "accuracy": 0.9857142857142858,
    "macro avg": {
      "precision": 0.9871794871794872,
      "recall": 0.986111111111111,
      "f1-score": 0.986086956521739,
      "support": 70.0
    },
    "weighted avg": {
      "precision": 0.9868131868131869,
      "recall": 0.9857142857142858,
      "f1-score": 0.9856894409937887,
      "support": 70.0
    }
  }
}