{
    "dataset01": {
        "KMeans": {
            "silhouette": 0.5216395622404242,
            "davies_bouldin": 0.6853295219054459,
            "calinski_harabasz": 11786.95462267153,
            "n_clusters": 2,
            "noise_ratio": 0.0
        },
        "DBSCAN": {
            "silhouette": 0.5216395622404242,
            "davies_bouldin": 0.6853295219054459,
            "calinski_harabasz": 11786.95462267153,
            "n_clusters": 2,
            "noise_ratio": 0.0,
            "eps": 1.7000000000000004,
            "min_samples": 5
        }
    },
    "dataset02": {
        "KMeans": {
            "silhouette": 0.3068610017701601,
            "davies_bouldin": 1.3234721699867644,
            "calinski_harabasz": 3573.3933329348392,
            "n_clusters": 2,
            "noise_ratio": 0.0
        },
        "DBSCAN": {
            "silhouette": 0.08522505460147263,
            "davies_bouldin": 0.5896990784253007,
            "calinski_harabasz": 21.95165666653018,
            "n_clusters": 5,
            "noise_ratio": 0.072375,
            "eps": 0.30000000000000004,
            "min_samples": 5
        }
    },
    "dataset03": {
        "KMeans": {
            "silhouette": 0.31554470037825183,
            "davies_bouldin": 1.1577256320598661,
            "calinski_harabasz": 6957.162639510166,
            "n_clusters": 3,
            "noise_ratio": 0.0
        },
        "Agglomerative": {
            "silhouette": 0.4252961244445327,
            "davies_bouldin": 0.813802016581118,
            "calinski_harabasz": 8.943143115556799,
            "n_clusters": 2,
            "linkage": "average",
            "noise_ratio": 0.0
        }
    }
}